Workbook

Sheet Hướng dẫn
B2: PHIẾU THU THẬP PHẢN HỒI NGƯỜI DÙNG - MODULE PHẢN HỒI (PMS)
B3: Dùng cho buổi cho người dùng trải nghiệm thử prototype E-04, M-04 và H-05 đến H-07. Một file dùng chung cho cả đợt test, mỗi người tham gia là một dòng ở sheet Người tham gia.
B5: Cách dùng file
B6: 1. Trước buổi test | C6: Điền trước sheet Người tham gia - mã, tên, phòng ban, vai trò, ngày và hình thức. Mã người tham gia đặt dạng P01, P02 và dùng lại ở mọi sheet.
B7: 2. Trong buổi test | C7: Người quan sát ghi sheet Nhiệm vụ - mỗi dòng là một người làm một nhiệm vụ. Thấy gì vướng thì ghi ngay sang sheet Nhật ký vấn đề, không đợi cuối buổi.
B8: 3. Ngay sau buổi test | C8: Người tham gia tự điền sheet Khảo sát - 14 câu thang 1 đến 5, một câu mức độ sẵn sàng giới thiệu và bốn câu trả lời tự do.
B9: 4. Sau cả đợt | C9: Sheet Tổng hợp tự tính - không cần gõ tay. Chỉ đọc và chọn ra việc cần sửa trước.
B11: Thang điểm 1 đến 5 | C11: 1 rất không đồng ý - 2 không đồng ý - 3 bình thường - 4 đồng ý - 5 rất đồng ý. Ô có sẵn danh sách chọn, không gõ tay.
B12: Mức độ sẵn sàng giới thiệu | C12: Thang 0 đến 10. Từ 9 đến 10 là ủng hộ, 7 đến 8 là trung lập, từ 0 đến 6 là chưa hài lòng.
B13: Kết quả nhiệm vụ | C13: Hoàn thành tự làm được - Hoàn thành cần gợi ý - Không hoàn thành - Không áp dụng khi nhiệm vụ không thuộc vai trò của người đó.
B14: Mức độ vấn đề | C14: Nghiêm trọng chặn luồng - Cao rất khó chịu - Trung bình gây chậm hoặc nhầm - Thấp là gợn nhỏ.
B16: Số người nên mời | C16: Mỗi vai trò từ 5 đến 8 người là đủ thấy phần lớn vấn đề. Ưu tiên người chưa từng xem prototype.
B17: Nguyên tắc hỏi | C17: Hỏi việc đã xảy ra, không hỏi giả định. Không gợi ý đáp án, không bênh thiết kế. Người tham gia im lặng thì chờ, đừng giải thích giúp.
B18: Lưu ý riêng tư | C18: Nói rõ với người tham gia là file này dùng để sửa sản phẩm, không dùng để đánh giá cá nhân. Không ghi lại nội dung phản hồi thật của người khác.
B20: Danh sách nhiệm vụ chuẩn
B21: NV-1 - Nhân viên | C21: Cho một đồng nghiệp phản hồi về việc vừa làm cùng
B22: NV-2 - Nhân viên | C22: Dùng gợi ý AI rồi chọn bản cuối trước khi gửi
B23: NV-3 - Nhân viên | C23: Chọn ai được xem phản hồi mình vừa viết
B24: NV-4 - Nhân viên | C24: Yêu cầu phản hồi từ 3 người về một dự án, có hạn trả lời
B25: NV-5 - Nhân viên | C25: Trả lời một yêu cầu phản hồi gửi đến mình
B26: NV-6 - Nhân viên | C26: Tìm lại phản hồi đã nhận và lọc theo Đã nhận hoặc Đã cho
B27: NV-7 - Nhân viên | C27: Nhắc người chưa trả lời trong yêu cầu của mình
B28: QL-1 - Quản lý | C28: Xem phản hồi mà một nhân viên cấp dưới nhận được
B29: QL-2 - Quản lý | C29: Tạo yêu cầu phản hồi cho một nhân viên cấp dưới
B30: QL-3 - Quản lý | C30: Theo dõi tiến độ yêu cầu đã tạo và nhắc người chưa trả lời
B31: QL-4 - Quản lý | C31: Đọc tóm tắt AI và nói ra một điều sẽ coaching cho nhân viên
B32: HR-1 - HR | C32: Tạo một chương trình thu thập phản hồi
... B34: HR-3 - HR | C34: Xem báo cáo phản hồi của chương trình

Sheet Người tham gia
A1: Người tham gia
A2: Mỗi dòng là một người. Mã người tham gia đặt P01, P02 và dùng lại ở các sheet sau.
A4: Mã | B4: Họ tên | C4: Phòng ban hoặc team | D4: Chức danh | E4: Vai trò khi test | F4: Thâm niên tại MoMo | G4: Ngày test | H4: Hình thức | I4: Người quan sát
A5: P01
A6: P02
A7: P03
A8: P04
A9: P05
A10: P06
A11: P07
A12: P08
A13: P09
A14: P10
A15: P11
A16: P12
... A44: P40

Sheet Nhiệm vụ
A1: Nhật ký nhiệm vụ
A2: Người quan sát điền trong lúc test. Mỗi dòng là một người làm một nhiệm vụ. Cột Trích lời là câu nói nguyên văn của người dùng, càng thô càng tốt.
A4: Mã người | B4: Mã nhiệm vụ | C4: Nhiệm vụ | D4: Kết quả | E4: Thời gian làm (giây) | F4: Số lần phải gợi ý | G4: Chỗ vướng quan sát được | H4: Trích lời người dùng
C5: =IFERROR(IF($B5="","",VLOOKUP($B5,Lists!$H$2:$I$15,2,FALSE)),"")
C6: =IFERROR(IF($B6="","",VLOOKUP($B6,Lists!$H$2:$I$15,2,FALSE)),"")
C7: =IFERROR(IF($B7="","",VLOOKUP($B7,Lists!$H$2:$I$15,2,FALSE)),"")
C8: =IFERROR(IF($B8="","",VLOOKUP($B8,Lists!$H$2:$I$15,2,FALSE)),"")
C9: =IFERROR(IF($B9="","",VLOOKUP($B9,Lists!$H$2:$I$15,2,FALSE)),"")
C10: =IFERROR(IF($B10="","",VLOOKUP($B10,Lists!$H$2:$I$15,2,FALSE)),"")
C11: =IFERROR(IF($B11="","",VLOOKUP($B11,Lists!$H$2:$I$15,2,FALSE)),"")
C12: =IFERROR(IF($B12="","",VLOOKUP($B12,Lists!$H$2:$I$15,2,FALSE)),"")
C13: =IFERROR(IF($B13="","",VLOOKUP($B13,Lists!$H$2:$I$15,2,FALSE)),"")
C14: =IFERROR(IF($B14="","",VLOOKUP($B14,Lists!$H$2:$I$15,2,FALSE)),"")
C15: =IFERROR(IF($B15="","",VLOOKUP($B15,Lists!$H$2:$I$15,2,FALSE)),"")
C16: =IFERROR(IF($B16="","",VLOOKUP($B16,Lists!$H$2:$I$15,2,FALSE)),"")
... C84: =IFERROR(IF($B84="","",VLOOKUP($B84,Lists!$H$2:$I$15,2,FALSE)),"")

Sheet Khảo sát
A1: Khảo sát sau khi trải nghiệm
A2: Người tham gia tự điền ngay sau buổi test. Thang 1 đến 5, ô có sẵn danh sách chọn.
C4: Dễ dùng | G4: Nội dung và AI | J4: Niềm tin | M4: Giá trị mang lại | Q4: Sẵn sàng giới thiệu | R4: Câu hỏi mở
A5: Mã người | B5: Vai trò | C5: Q1. Tôi tự tìm được chỗ để cho phản hồi mà không phải hỏi ai | D5: Q2. Các bước trong luồng cho phản hồi rõ ràng, không gây bối rối | E5: Q3. Tôi viết xong một phản hồi trong khoảng dưới 1 phút | F5: Q4. Từ ngữ trên màn hình dễ hiểu, đúng cách nói ở MoMo | G5: Q5. Gợi ý của AI giúp tôi viết phản hồi tốt hơn bản đầu | H5: Q6. Tôi vẫn là người quyết định nội dung cuối cùng, AI không viết thay tôi | I5: Q7. Bản AI đề xuất giữ đúng ý tôi muốn nói | J5: Q8. Tôi biết rõ ai xem được phản hồi mình viết | K5: Q9. Tôi thấy an toàn khi viết phản hồi thẳng thắn trên hệ thống | L5: Q10. Tôi không có cảm giác module này dùng để giám sát nhân viên | M5: Q11. Phản hồi tôi nhận được đủ cụ thể để biết cần làm gì tiếp | N5: Q12. Tôi sẽ chủ động dùng module này mà không cần ai nhắc | O5: Q13. Tôi sẽ giới thiệu đồng nghiệp dùng module này | P5: Q14. Tính chung, tôi hài lòng với trải nghiệm module Phản hồi | Q5: NPS. Khả năng bạn giới thiệu module này cho đồng nghiệp, thang 0 đến 10 | R5: O1. Ba điều chị hoặc anh thích nhất khi dùng module này | S5: O2. Ba điều gây khó chịu hoặc mất thời gian nhất | T5: O3. Một thứ nên bỏ đi và một thứ nên thêm vào | U5: O4. Điều gì khiến bạn ngại cho phản hồi thẳng thắn, nếu có
A6: P01 | B6: =IFERROR(VLOOKUP($A6,'Người tham gia'!$A:$E,5,FALSE),"")
A7: P02 | B7: =IFERROR(VLOOKUP($A7,'Người tham gia'!$A:$E,5,FALSE),"")
A8: P03 | B8: =IFERROR(VLOOKUP($A8,'Người tham gia'!$A:$E,5,FALSE),"")
A9: P04 | B9: =IFERROR(VLOOKUP($A9,'Người tham gia'!$A:$E,5,FALSE),"")
A10: P05 | B10: =IFERROR(VLOOKUP($A10,'Người tham gia'!$A:$E,5,FALSE),"")
A11: P06 | B11: =IFERROR(VLOOKUP($A11,'Người tham gia'!$A:$E,5,FALSE),"")
A12: P07 | B12: =IFERROR(VLOOKUP($A12,'Người tham gia'!$A:$E,5,FALSE),"")
A13: P08 | B13: =IFERROR(VLOOKUP($A13,'Người tham gia'!$A:$E,5,FALSE),"")
A14: P09 | B14: =IFERROR(VLOOKUP($A14,'Người tham gia'!$A:$E,5,FALSE),"")
A15: P10 | B15: =IFERROR(VLOOKUP($A15,'Người tham gia'!$A:$E,5,FALSE),"")
A16: P11 | B16: =IFERROR(VLOOKUP($A16,'Người tham gia'!$A:$E,5,FALSE),"")
A17: P12 | B17: =IFERROR(VLOOKUP($A17,'Người tham gia'!$A:$E,5,FALSE),"")
... A45: P40 | B45: =IFERROR(VLOOKUP($A45,'Người tham gia'!$A:$E,5,FALSE),"")

Sheet Nhật ký vấn đề
A1: Nhật ký vấn đề
A2: Ghi ngay khi thấy, không đợi cuối buổi. Một dòng là một vấn đề, cùng một vấn đề gặp lại ở người khác thì cộng vào cột Số người gặp.
A4: Mã | B4: Mã người | C4: Màn hình | D4: Loại vấn đề | E4: Mô tả vấn đề | F4: Mức độ | G4: Số người gặp | H4: Đề xuất xử lý | I4: Trạng thái
A5: V01
A6: V02
A7: V03
A8: V04
A9: V05
A10: V06
A11: V07
A12: V08
A13: V09
A14: V10
A15: V11
A16: V12
... A64: V60

Sheet Tổng hợp
A1: Tổng hợp kết quả
A2: Sheet này tự tính từ các sheet nhập liệu. Không gõ tay vào đây.
B4: Quy mô đợt test | E4: Điểm trung bình từng câu
B5: Số người tham gia đã điền | C5: =COUNTA('Người tham gia'!B5:B44) | E5: Q1. Tôi tự tìm được chỗ để cho phản hồi mà không phải hỏi ai | F5: =IFERROR(ROUND(SUMPRODUCT(('Khảo sát'!C6:C45<>"")*VALUE(LEFT('Khảo sát'!C6:C45&"0",1)))/COUNTIF('Khảo sát'!C6:C45,"?*"),2),"")
B6: Số phiếu khảo sát đã điền | C6: =COUNTA('Khảo sát'!C6:C45) | E6: Q2. Các bước trong luồng cho phản hồi rõ ràng, không gây bối rối | F6: =IFERROR(ROUND(SUMPRODUCT(('Khảo sát'!D6:D45<>"")*VALUE(LEFT('Khảo sát'!D6:D45&"0",1)))/COUNTIF('Khảo sát'!D6:D45,"?*"),2),"")
B7: Số lượt nhiệm vụ đã ghi nhận | C7: =COUNTA('Nhiệm vụ'!B5:B84) | E7: Q3. Tôi viết xong một phản hồi trong khoảng dưới 1 phút | F7: =IFERROR(ROUND(SUMPRODUCT(('Khảo sát'!E6:E45<>"")*VALUE(LEFT('Khảo sát'!E6:E45&"0",1)))/COUNTIF('Khảo sát'!E6:E45,"?*"),2),"")
B8: Số vấn đề đã ghi nhận | C8: =COUNTA('Nhật ký vấn đề'!E5:E64) | E8: Q4. Từ ngữ trên màn hình dễ hiểu, đúng cách nói ở MoMo | F8: =IFERROR(ROUND(SUMPRODUCT(('Khảo sát'!F6:F45<>"")*VALUE(LEFT('Khảo sát'!F6:F45&"0",1)))/COUNTIF('Khảo sát'!F6:F45,"?*"),2),"")
E9: Q5. Gợi ý của AI giúp tôi viết phản hồi tốt hơn bản đầu | F9: =IFERROR(ROUND(SUMPRODUCT(('Khảo sát'!G6:G45<>"")*VALUE(LEFT('Khảo sát'!G6:G45&"0",1)))/COUNTIF('Khảo sát'!G6:G45,"?*"),2),"")
B10: Kết quả nhiệm vụ | E10: Q6. Tôi vẫn là người quyết định nội dung cuối cùng, AI không viết thay tôi | F10: =IFERROR(ROUND(SUMPRODUCT(('Khảo sát'!H6:H45<>"")*VALUE(LEFT('Khảo sát'!H6:H45&"0",1)))/COUNTIF('Khảo sát'!H6:H45,"?*"),2),"")
B11: Hoàn thành - tự làm được | C11: =COUNTIF('Nhiệm vụ'!$D$5:$D$84,"Hoàn thành - tự làm được") | E11: Q7. Bản AI đề xuất giữ đúng ý tôi muốn nói | F11: =IFERROR(ROUND(SUMPRODUCT(('Khảo sát'!I6:I45<>"")*VALUE(LEFT('Khảo sát'!I6:I45&"0",1)))/COUNTIF('Khảo sát'!I6:I45,"?*"),2),"")
B12: Hoàn thành - cần gợi ý | C12: =COUNTIF('Nhiệm vụ'!$D$5:$D$84,"Hoàn thành - cần gợi ý") | E12: Q8. Tôi biết rõ ai xem được phản hồi mình viết | F12: =IFERROR(ROUND(SUMPRODUCT(('Khảo sát'!J6:J45<>"")*VALUE(LEFT('Khảo sát'!J6:J45&"0",1)))/COUNTIF('Khảo sát'!J6:J45,"?*"),2),"")
B13: Không hoàn thành | C13: =COUNTIF('Nhiệm vụ'!$D$5:$D$84,"Không hoàn thành") | E13: Q9. Tôi thấy an toàn khi viết phản hồi thẳng thắn trên hệ thống | F13: =IFERROR(ROUND(SUMPRODUCT(('Khảo sát'!K6:K45<>"")*VALUE(LEFT('Khảo sát'!K6:K45&"0",1)))/COUNTIF('Khảo sát'!K6:K45,"?*"),2),"")
B14: Không áp dụng | C14: =COUNTIF('Nhiệm vụ'!$D$5:$D$84,"Không áp dụng") | E14: Q10. Tôi không có cảm giác module này dùng để giám sát nhân viên | F14: =IFERROR(ROUND(SUMPRODUCT(('Khảo sát'!L6:L45<>"")*VALUE(LEFT('Khảo sát'!L6:L45&"0",1)))/COUNTIF('Khảo sát'!L6:L45,"?*"),2),"")
B15: Tỷ lệ hoàn thành không cần gợi ý | C15: =IFERROR(COUNTIF('Nhiệm vụ'!$D$5:$D$84,"Hoàn thành - tự làm được")/COUNTIFS('Nhiệm vụ'!$D$5:$D$84,"<>Không áp dụng",'Nhiệm vụ'!$D$5:$D$84,"<>"),"") | E15: Q11. Phản hồi tôi nhận được đủ cụ thể để biết cần làm gì tiếp | F15: =IFERROR(ROUND(SUMPRODUCT(('Khảo sát'!M6:M45<>"")*VALUE(LEFT('Khảo sát'!M6:M45&"0",1)))/COUNTIF('Khảo sát'!M6:M45,"?*"),2),"")
B16: Thời gian làm trung bình (giây) | C16: =IFERROR(ROUND(AVERAGE('Nhiệm vụ'!$E$5:$E$84),0),"") | E16: Q12. Tôi sẽ chủ động dùng module này mà không cần ai nhắc | F16: =IFERROR(ROUND(SUMPRODUCT(('Khảo sát'!N6:N45<>"")*VALUE(LEFT('Khảo sát'!N6:N45&"0",1)))/COUNTIF('Khảo sát'!N6:N45,"?*"),2),"")
E17: Q13. Tôi sẽ giới thiệu đồng nghiệp dùng module này | F17: =IFERROR(ROUND(SUMPRODUCT(('Khảo sát'!O6:O45<>"")*VALUE(LEFT('Khảo sát'!O6:O45&"0",1)))/COUNTIF('Khảo sát'!O6:O45,"?*"),2),"")
B18: Vấn đề theo mức độ | E18: Q14. Tính chung, tôi hài lòng với trải nghiệm module Phản hồi | F18: =IFERROR(ROUND(SUMPRODUCT(('Khảo sát'!P6:P45<>"")*VALUE(LEFT('Khảo sát'!P6:P45&"0",1)))/COUNTIF('Khảo sát'!P6:P45,"?*"),2),"")
B19: Nghiêm trọng - chặn không làm tiếp được | C19: =COUNTIF('Nhật ký vấn đề'!$F$5:$F$64,"Nghiêm trọng - chặn không làm tiếp được")
B20: Cao - làm được nhưng rất khó chịu | C20: =COUNTIF('Nhật ký vấn đề'!$F$5:$F$64,"Cao - làm được nhưng rất khó chịu") | E20: Chỉ số chung
B21: Trung bình - gây chậm hoặc nhầm lẫn | C21: =COUNTIF('Nhật ký vấn đề'!$F$5:$F$64,"Trung bình - gây chậm hoặc nhầm lẫn") | E21: Điểm trung bình toàn bộ 14 câu | F21: =IFERROR(ROUND(SUMPRODUCT(('Khảo sát'!$C$6:$P$45<>"")*VALUE(LEFT('Khảo sát'!$C$6:$P$45&"0",1)))/COUNTIF('Khảo sát'!$C$6:$P$45,"?*"),2),"")
B22: Thấp - gợn nhỏ về thẩm mỹ hoặc chữ nghĩa | C22: =COUNTIF('Nhật ký vấn đề'!$F$5:$F$64,"Thấp - gợn nhỏ về thẩm mỹ hoặc chữ nghĩa") | E22: Điểm NPS - phần trăm ủng hộ trừ phần trăm chưa hài lòng | F22: =IFERROR(ROUND((COUNTIFS('Khảo sát'!$Q$6:$Q$45,">=9")-COUNTIFS('Khảo sát'!$Q$6:$Q$45,"<=6"))/COUNT('Khảo sát'!$Q$6:$Q$45)*100,0),"")
E23: Số vấn đề nghiêm trọng hoặc cao còn chưa sửa | F23: =COUNTIFS('Nhật ký vấn đề'!$F$5:$F$64,"Nghiêm trọng*",'Nhật ký vấn đề'!$I$5:$I$64,"<>Đã sửa")+COUNTIFS('Nhật ký vấn đề'!$F$5:$F$64,"Cao*",'Nhật ký vấn đề'!$I$5:$I$64,"<>Đã sửa")
B24: Vấn đề theo màn hình
B25: E-04 - Phản hồi của tôi | C25: =COUNTIF('Nhật ký vấn đề'!$C$5:$C$64,"E-04 - Phản hồi của tôi") | E25: Các ô ở sheet này đều là công thức tự tính, gõ đè lên sẽ mất. Danh sách chọn nằm ở sheet Lists đang ẩn - cần thêm màn hình hay loại vấn đề mới thì bỏ ẩn sheet đó rồi thêm vào.
B26: M-04 - Phản hồi của đội nhóm | C26: =COUNTIF('Nhật ký vấn đề'!$C$5:$C$64,"M-04 - Phản hồi của đội nhóm")
B27: H-05 - Quản lý yêu cầu phản hồi (HR) | C27: =COUNTIF('Nhật ký vấn đề'!$C$5:$C$64,"H-05 - Quản lý yêu cầu phản hồi (HR)")
B28: H-06 - Chi tiết chương trình phản hồi | C28: =COUNTIF('Nhật ký vấn đề'!$C$5:$C$64,"H-06 - Chi tiết chương trình phản hồi")
B29: H-07 - Báo cáo phản hồi | C29: =COUNTIF('Nhật ký vấn đề'!$C$5:$C$64,"H-07 - Báo cáo phản hồi")
B30: Khác - ghi rõ ở cột mô tả | C30: =COUNTIF('Nhật ký vấn đề'!$C$5:$C$64,"Khác - ghi rõ ở cột mô tả")

Sheet Lists
A1: Màn hình | B1: Vai trò | C1: Loại vấn đề | D1: Mức độ | E1: Trạng thái | F1: Kết quả nhiệm vụ | G1: Thang 1 đến 5 | H1: Mã nhiệm vụ | I1: Nội dung nhiệm vụ
A2: E-04 - Phản hồi của tôi | B2: Nhân viên | C2: Khó tìm - không biết bấm đâu | D2: Nghiêm trọng - chặn không làm tiếp được | E2: Mới ghi nhận | F2: Hoàn thành - tự làm được | G2: 1 - Rất không đồng ý | H2: NV-1 | I2: Cho một đồng nghiệp phản hồi về việc vừa làm cùng
A3: M-04 - Phản hồi của đội nhóm | B3: Quản lý trực tiếp | C3: Hiểu sai ý nghĩa | D3: Cao - làm được nhưng rất khó chịu | E3: Đang xử lý | F3: Hoàn thành - cần gợi ý | G3: 2 - Không đồng ý | H3: NV-2 | I3: Dùng gợi ý AI rồi chọn bản cuối trước khi gửi
A4: H-05 - Quản lý yêu cầu phản hồi (HR) | B4: Quản lý cấp 2 - HOD | C4: Từ ngữ khó hiểu | D4: Trung bình - gây chậm hoặc nhầm lẫn | E4: Đã sửa | F4: Không hoàn thành | G4: 3 - Bình thường | H4: NV-3 | I4: Chọn ai được xem phản hồi mình vừa viết
A5: H-06 - Chi tiết chương trình phản hồi | B5: HR | C5: Thiếu thông tin cần thiết | D5: Thấp - gợn nhỏ về thẩm mỹ hoặc chữ nghĩa | E5: Không sửa - có lý do | F5: Không áp dụng | G5: 4 - Đồng ý | H5: NV-4 | I5: Yêu cầu phản hồi từ 3 người về một dự án, có hạn trả lời
A6: H-07 - Báo cáo phản hồi | C6: Lỗi kỹ thuật | E6: Để đợt sau | G6: 5 - Rất đồng ý | H6: NV-5 | I6: Trả lời một yêu cầu phản hồi gửi đến mình
A7: Khác - ghi rõ ở cột mô tả | C7: Lo ngại về quyền riêng tư | H7: NV-6 | I7: Tìm lại phản hồi đã nhận và lọc theo Đã nhận hoặc Đã cho
C8: Gợi ý AI chưa đúng ý | H8: NV-7 | I8: Nhắc người chưa trả lời trong yêu cầu của mình
C9: Đề xuất cải tiến | H9: QL-1 | I9: Xem phản hồi mà một nhân viên cấp dưới nhận được
H10: QL-2 | I10: Tạo yêu cầu phản hồi cho một nhân viên cấp dưới
H11: QL-3 | I11: Theo dõi tiến độ yêu cầu đã tạo và nhắc người chưa trả lời
H12: QL-4 | I12: Đọc tóm tắt AI và nói ra một điều sẽ coaching cho nhân viên
H13: HR-1 | I13: Tạo một chương trình thu thập phản hồi
H14: HR-2 | I14: Theo dõi tiến độ chương trình và nhắc người chưa trả lời
H15: HR-3 | I15: Xem báo cáo phản hồi của chương trình
